view_no,theta,phi
0,2.4158764145127503,0.8162408070452609
